date,daily_confirmed,cumulative_confirmed
2020-01-22,0,0
2020-01-23,0,0
2020-01-24,0,0
2020-01-25,0,0
2020-01-26,0,0
2020-01-27,0,0
2020-01-28,0,0
2020-01-29,0,0
2020-01-30,1,1
2020-01-31,0,1
2020-02-01,0,1
2020-02-02,1,2
2020-02-03,1,3
2020-02-04,0,3
2020-02-05,0,3
2020-02-06,0,3
2020-02-07,0,3
2020-02-08,0,3
2020-02-09,0,3
2020-02-10,0,3
2020-02-11,0,3
2020-02-12,0,3
2020-02-13,0,3
2020-02-14,0,3
2020-02-15,0,3
2020-02-16,0,3
2020-02-17,0,3
2020-02-18,0,3
2020-02-19,0,3
2020-02-20,0,3
2020-02-21,0,3
2020-02-22,0,3
2020-02-23,0,3
2020-02-24,0,3
2020-02-25,0,3
2020-02-26,0,3
2020-02-27,0,3
2020-02-28,0,3
2020-02-29,0,3
2020-03-01,0,3
2020-03-02,2,5
2020-03-03,0,5
2020-03-04,23,28
2020-03-05,2,30
2020-03-06,1,31
2020-03-07,3,34
2020-03-08,5,39
2020-03-09,4,43
2020-03-10,13,56
2020-03-11,6,62
2020-03-12,11,73
2020-03-13,9,82
2020-03-14,20,102
2020-03-15,11,113
2020-03-16,6,119
2020-03-17,23,142
2020-03-18,14,156
2020-03-19,38,194
2020-03-20,50,244
2020-03-21,86,330
2020-03-22,66,396
2020-03-23,103,499
2020-03-24,37,536
2020-03-25,121,657
2020-03-26,70,727
2020-03-27,160,887
2020-03-28,100,987
2020-03-29,37,1024
2020-03-30,227,1251
2020-03-31,146,1397
2020-04-01,601,1998
2020-04-02,545,2543
2020-04-03,24,2567
2020-04-04,515,3082
2020-04-05,506,3588
2020-04-06,1190,4778
2020-04-07,533,5311
2020-04-08,605,5916
2020-04-09,809,6725
2020-04-10,873,7598
2020-04-11,848,8446
2020-04-12,759,9205
2020-04-13,1248,10453
2020-04-14,1034,11487
2020-04-15,835,12322
2020-04-16,1108,13430
2020-04-17,922,14352
2020-04-18,1370,15722
2020-04-19,1893,17615
2020-04-20,924,18539
2020-04-21,1541,20080
2020-04-22,1290,21370
2020-04-23,1707,23077
2020-04-24,1453,24530
2020-04-25,1753,26283
2020-04-26,1607,27890
2020-04-27,1561,29451
2020-04-28,1873,31324
2020-04-29,1738,33062
2020-04-30,1801,34863
2020-05-01,2394,37257
2020-05-02,2442,39699
2020-05-03,2806,42505
2020-05-04,3932,46437
2020-05-05,2963,49400
2020-05-06,3587,52987
2020-05-07,3364,56351
2020-05-08,3344,59695
2020-05-09,3113,62808
2020-05-10,4353,67161
2020-05-11,3607,70768
2020-05-12,3524,74292
2020-05-13,3763,78055
2020-05-14,3942,81997
2020-05-15,3787,85784
2020-05-16,4864,90648
2020-05-17,5050,95698
2020-05-18,4630,100328
2020-05-19,6147,106475
2020-05-20,5553,112028
2020-05-21,6198,118226
2020-05-22,6568,124794
2020-05-23,6629,131423
2020-05-24,7113,138536
2020-05-25,6414,144950
2020-05-26,5843,150793
2020-05-27,7293,158086
2020-05-28,7300,165386
2020-05-29,8105,173491
2020-05-30,8336,181827
2020-05-31,8782,190609
2020-06-01,7761,198370
2020-06-02,8821,207191
2020-06-03,9633,216824
2020-06-04,9889,226713
2020-06-05,9471,236184
2020-06-06,10438,246622
2020-06-07,10864,257486
2020-06-08,8442,265928
2020-06-09,10218,276146
2020-06-10,10459,286605
2020-06-11,10930,297535
2020-06-12,11458,308993
2020-06-13,11929,320922
2020-06-14,11502,332424
2020-06-15,10667,343091
2020-06-16,10974,354065
2020-06-17,12881,366946
2020-06-18,13586,380532
2020-06-19,14516,395048
2020-06-20,15403,410451
2020-06-21,14831,425282
2020-06-22,14933,440215
2020-06-23,15968,456183
2020-06-24,16922,473105
2020-06-25,17296,490401
2020-06-26,18552,508953
2020-06-27,19906,528859
2020-06-28,19459,548318
2020-06-29,18522,566840
2020-06-30,18641,585481
2020-07-01,19160,604641
2020-07-02,20903,625544
2020-07-03,22771,648315
2020-07-04,24850,673165
2020-07-05,24248,697413
2020-07-06,22251,719664
2020-07-07,22753,742417
2020-07-08,24879,767296
2020-07-09,26506,793802
2020-07-10,27114,820916
2020-07-11,28606,849522
2020-07-12,28732,878254
2020-07-13,28498,906752
2020-07-14,29429,936181
2020-07-15,32676,968857
2020-07-16,34975,1003832
2020-07-17,35252,1039084
2020-07-18,38697,1077781
2020-07-19,40425,1118206
2020-07-20,37132,1155338
2020-07-21,37740,1193078
2020-07-22,45720,1238798
2020-07-23,49310,1288108
2020-07-24,48916,1337024
2020-07-25,48611,1385635
2020-07-26,49981,1435616
2020-07-27,44457,1480073
2020-07-28,51596,1531669
2020-07-29,50294,1581963
2020-07-30,52783,1634746
2020-07-31,61242,1695988
2020-08-01,54735,1750723
2020-08-02,52972,1803695
2020-08-03,52050,1855745
2020-08-04,52509,1908254
2020-08-05,56282,1964536
2020-08-06,62538,2027074
2020-08-07,61537,2088611
2020-08-08,64399,2153010
2020-08-09,62064,2215074
2020-08-10,53601,2268675
2020-08-11,60963,2329638
2020-08-12,66999,2396637
2020-08-13,64553,2461190
2020-08-14,64732,2525922
2020-08-15,64030,2589952
2020-08-16,57711,2647663
2020-08-17,55018,2702681
2020-08-18,64572,2767253
2020-08-19,69672,2836925
2020-08-20,68900,2905825
2020-08-21,69876,2975701
2020-08-22,69239,3044940
2020-08-23,61408,3106348
2020-08-24,60975,3167323
2020-08-25,57224,3224547
2020-08-26,85687,3310234
2020-08-27,77266,3387500
2020-08-28,76472,3463972
2020-08-29,78761,3542733
2020-08-30,78512,3621245
2020-08-31,69921,3691166
2020-09-01,78357,3769523
2020-09-02,83883,3853406
2020-09-03,83341,3936747
2020-09-04,86432,4023179
2020-09-05,90632,4113811
2020-09-06,90802,4204613
2020-09-07,75809,4280422
2020-09-08,89706,4370128
2020-09-09,95735,4465863
2020-09-10,96551,4562414
2020-09-11,97570,4659984
2020-09-12,94372,4754356
2020-09-13,92071,4846427
2020-09-14,83809,4930236
2020-09-15,90123,5020359
2020-09-16,97894,5118253
2020-09-17,96424,5214677
2020-09-18,93337,5308014
2020-09-19,92605,5400619
2020-09-20,86961,5487580
2020-09-21,75083,5562663
2020-09-22,83347,5646010
2020-09-23,86508,5732518
2020-09-24,86052,5818570
2020-09-25,85362,5903932
2020-09-26,88600,5992532
2020-09-27,82170,6074702
2020-09-28,70589,6145291
2020-09-29,80472,6225763
2020-09-30,86821,6312584
2020-10-01,81484,6394068
2020-10-02,79476,6473544
2020-10-03,75829,6549373
2020-10-04,74442,6623815
2020-10-05,61267,6685082
2020-10-06,72049,6757131
2020-10-07,78524,6835655
2020-10-08,70496,6906151
2020-10-09,73272,6979423
2020-10-10,74383,7053806
2020-10-11,66732,7120538
2020-10-12,55342,7175880
2020-10-13,63509,7239389
2020-10-14,67708,7307097
2020-10-15,63371,7370468
2020-10-16,62212,7432680
2020-10-17,61871,7494551
2020-10-18,55722,7550273
2020-10-19,46790,7597063
2020-10-20,54044,7651107
2020-10-21,55839,7706946
2020-10-22,54366,7761312
2020-10-23,53370,7814682
2020-10-24,50129,7864811
2020-10-25,45148,7909959
2020-10-26,36470,7946429
2020-10-27,43893,7990322
2020-10-28,49881,8040203
2020-10-29,48648,8088851
2020-10-30,48268,8137119
2020-10-31,46963,8184082
2020-11-01,45231,8229313
2020-11-02,38310,8267623
2020-11-03,46253,8313876
2020-11-04,50210,8364086
2020-11-05,47638,8411724
2020-11-06,50356,8462080
2020-11-07,45674,8507754
2020-11-08,45903,8553657
2020-11-09,38073,8591730
2020-11-10,44281,8636011
2020-11-11,47905,8683916
2020-11-12,44879,8728795
2020-11-13,44684,8773479
2020-11-14,41100,8814579
2020-11-15,30548,8845127
2020-11-16,29163,8874290
2020-11-17,38617,8912907
2020-11-18,45576,8958483
2020-11-19,45882,9004365
2020-11-20,46232,9050597
2020-11-21,45209,9095806
2020-11-22,44059,9139865
2020-11-23,37975,9177840
2020-11-24,44376,9222216
2020-11-25,44489,9266705
2020-11-26,43082,9309787
2020-11-27,41322,9351109
2020-11-28,41810,9392919
2020-11-29,38772,9431691
2020-11-30,31118,9462809
2020-12-01,36604,9499413
2020-12-02,35551,9534964
2020-12-03,36595,9571559
2020-12-04,36652,9608211
2020-12-05,36011,9644222
2020-12-06,32981,9677203
2020-12-07,26567,9703770
2020-12-08,32080,9735850
2020-12-09,31521,9767371
2020-12-10,29373,9796744
2020-12-11,30031,9826775
2020-12-12,30254,9857029
2020-12-13,27071,9884100
2020-12-14,22065,9906165
2020-12-15,26382,9932547
2020-12-16,24010,9956557
2020-12-17,22890,9979447
2020-12-18,25152,10004599
2020-12-19,26624,10031223
2020-12-20,24337,10055560
2020-12-21,19556,10075116
2020-12-22,23950,10099066
2020-12-23,24712,10123778
2020-12-24,23067,10146845
2020-12-25,22273,10169118
2020-12-26,18732,10187850
2020-12-27,20021,10207871
2020-12-28,16432,10224303
2020-12-29,20549,10244852
2020-12-30,21822,10266674
2020-12-31,20035,10286709
2021-01-01,19079,10305788
2021-01-02,18177,10323965
2021-01-03,16504,10340469
2021-01-04,16375,10356844
2021-01-05,18088,10374932
2021-01-06,20346,10395278
2021-01-07,18139,10413417
2021-01-08,0,10413417
2021-01-09,36867,10450284
2021-01-10,16311,10466595
2021-01-11,12584,10479179
2021-01-12,15968,10495147
2021-01-13,16946,10512093
2021-01-14,15590,10527683
2021-01-15,15158,10542841
2021-01-16,15144,10557985
2021-01-17,13788,10571773
2021-01-18,10050,10581823
2021-01-19,13816,10595639
2021-01-20,15244,10610883
2021-01-21,14545,10625428
2021-01-22,14256,10639684
2021-01-23,14849,10654533
2021-01-24,13203,10667736
2021-01-25,9102,10676838
2021-01-26,12689,10689527
2021-01-27,11666,10701193
2021-01-28,18855,10720048
2021-01-29,13082,10733130
2021-01-30,13044,10746174
2021-01-31,11436,10757610
2021-02-01,8635,10766245
2021-02-02,11039,10777284
2021-02-03,12899,10790183
2021-02-04,12408,10802591
2021-02-05,11713,10814304
2021-02-06,12059,10826363
2021-02-07,11831,10838194
2021-02-08,9110,10847304
2021-02-09,11067,10858371
2021-02-10,12923,10871294
2021-02-11,9309,10880603
2021-02-12,12143,10892746
2021-02-13,12194,10904940
2021-02-14,11649,10916589
2021-02-15,9121,10925710
2021-02-16,11610,10937320
2021-02-17,12881,10950201
2021-02-18,13193,10963394
2021-02-19,13993,10977387
2021-02-20,14264,10991651
2021-02-21,14199,11005850
2021-02-22,10584,11016434
2021-02-23,13742,11030176
2021-02-24,16738,11046914
2021-02-25,16577,11063491
2021-02-26,16488,11079979
2021-02-27,16752,11096731
2021-02-28,15510,11112241
2021-03-01,12286,11124527
2021-03-02,14989,11139516
2021-03-03,17407,11156923
2021-03-04,16838,11173761
2021-03-05,18284,11192045
2021-03-06,18754,11210799
2021-03-07,18599,11229398
2021-03-08,15388,11244786
2021-03-09,17921,11262707
2021-03-10,22854,11285561
2021-03-11,23285,11308846
2021-03-12,24882,11333728
2021-03-13,25320,11359048
2021-03-14,26291,11385339
2021-03-15,24492,11409831
2021-03-16,28903,11438734
2021-03-17,35871,11474605
2021-03-18,39726,11514331
2021-03-19,40953,11555284
2021-03-20,43846,11599130
2021-03-21,46951,11646081
2021-03-22,40715,11686796
2021-03-23,47262,11734058
2021-03-24,53476,11787534
2021-03-25,59118,11846652
2021-03-26,62258,11908910
2021-03-27,62714,11971624
2021-03-28,68020,12039644
2021-03-29,56211,12095855
2021-03-30,53480,12149335
2021-03-31,72330,12221665
2021-04-01,81466,12303131
2021-04-02,89129,12392260
2021-04-03,93249,12485509
2021-04-04,103558,12589067
2021-04-05,96982,12686049
2021-04-06,115736,12801785
2021-04-07,126789,12928574
2021-04-08,131968,13060542
2021-04-09,145384,13205926
2021-04-10,152879,13358805
2021-04-11,168912,13527717
2021-04-12,161736,13689453
2021-04-13,184372,13873825
2021-04-14,200739,14074564
2021-04-15,217353,14291917
2021-04-16,234692,14526609
2021-04-17,261394,14788003
2021-04-18,273802,15061805
2021-04-19,259167,15320972
2021-04-20,295158,15616130
2021-04-21,314644,15930774
2021-04-22,332921,16263695
2021-04-23,346786,16610481
2021-04-24,349691,16960172
2021-04-25,352991,17313163
2021-04-26,323023,17636186
2021-04-27,360927,17997113
2021-04-28,379308,18376421
2021-04-29,386555,18762976
2021-04-30,401993,19164969
2021-05-01,392488,19557457
2021-05-02,368060,19925517
2021-05-03,357316,20282833
2021-05-04,382146,20664979
2021-05-05,412431,21077410
2021-05-06,414188,21491598
2021-05-07,401078,21892676
2021-05-08,403405,22296081
2021-05-09,366494,22662575
2021-05-10,329942,22992517
2021-05-11,348421,23340938
2021-05-12,362727,23703665
2021-05-13,343144,24046809
2021-05-14,326098,24372907
2021-05-15,311170,24684077
2021-05-16,281386,24965463
2021-05-17,263533,25228996
2021-05-18,267334,25496330
2021-05-19,276110,25772440
2021-05-20,259551,26031991
2021-05-21,257299,26289290
2021-05-22,240842,26530132
2021-05-23,222315,26752447
2021-05-24,196427,26948874
2021-05-25,208921,27157795
2021-05-26,211298,27369093
2021-05-27,186364,27555457
2021-05-28,173790,27729247
2021-05-29,165553,27894800
2021-05-30,152734,28047534
2021-05-31,127510,28175044
2021-06-01,132788,28307832
2021-06-02,134154,28441986
2021-06-03,132364,28574350
2021-06-04,120529,28694879
2021-06-05,114460,28809339
2021-06-06,100636,28909975
2021-06-07,86498,28996473
2021-06-08,92596,29089069
2021-06-09,93463,29182532
2021-06-10,92291,29274823
2021-06-11,84332,29359155
2021-06-12,80834,29439989
2021-06-13,70421,29510410
2021-06-14,60471,29570881
2021-06-15,62224,29633105
2021-06-16,67208,29700313
2021-06-17,62480,29762793
2021-06-18,60753,29823546
2021-06-19,58226,29881772
2021-06-20,53449,29935221
2021-06-21,42640,29977861
2021-06-22,50848,30028709
2021-06-23,54069,30082778
2021-06-24,51667,30134445
2021-06-25,48698,30183143
2021-06-26,50040,30233183
2021-06-27,46148,30279331
2021-06-28,37566,30316897
2021-06-29,45951,30362848
2021-06-30,48786,30411634
2021-07-01,46617,30458251
2021-07-02,44111,30502362
2021-07-03,43071,30545433
2021-07-04,39796,30585229
2021-07-05,34703,30619932
2021-07-06,43733,30663665
2021-07-07,45892,30709557
2021-07-08,43393,30752950
2021-07-09,42766,30795716
2021-07-10,41506,30837222
2021-07-11,37154,30874376
2021-07-12,32906,30907282
2021-07-13,38865,30946147
2021-07-14,41733,30987880
2021-07-15,38949,31026829
2021-07-16,38079,31064908
2021-07-17,41157,31106065
2021-07-18,38164,31144229
2021-07-19,30093,31174322
2021-07-20,42015,31216337
2021-07-21,41383,31257720
2021-07-22,35342,31293062
2021-07-23,39097,31332159
2021-07-24,39742,31371901
2021-07-25,39361,31411262
2021-07-26,29689,31440951
2021-07-27,43654,31484605
2021-07-28,43509,31528114
2021-07-29,44230,31572344
2021-07-30,41649,31613993
2021-07-31,41831,31655824
2021-08-01,40134,31695958
2021-08-02,30549,31726507
2021-08-03,42625,31769132
2021-08-04,42982,31812114
2021-08-05,44643,31856757
2021-08-06,38628,31895385
2021-08-07,39070,31934455
2021-08-08,35499,31969954
2021-08-09,28204,31998158
2021-08-10,38353,32036511
2021-08-11,41195,32077706
2021-08-12,40120,32117826
2021-08-13,38667,32156493
2021-08-14,36083,32192576
2021-08-15,32937,32225513
2021-08-16,25166,32250679
2021-08-17,35178,32285857
2021-08-18,36401,32322258
2021-08-19,36571,32358829
2021-08-20,34457,32393286
2021-08-21,30948,32424234
2021-08-22,25072,32449306
2021-08-23,25467,32474773
2021-08-24,37593,32512366
2021-08-25,46164,32558530
2021-08-26,44658,32603188
2021-08-27,46759,32649947
2021-08-28,45083,32695030
2021-08-29,42909,32737939
2021-08-30,30941,32768880
2021-08-31,41965,32810845
2021-09-01,47092,32857937
2021-09-02,45352,32903289
2021-09-03,42618,32945907
2021-09-04,42766,32988673
2021-09-05,38948,33027621
2021-09-06,31222,33058843
2021-09-07,37875,33096718
2021-09-08,43263,33139981
2021-09-09,34973,33174954
2021-09-10,33376,33208330
2021-09-11,28591,33236921
2021-09-12,27254,33264175
2021-09-13,25404,33289579
2021-09-14,27176,33316755
2021-09-15,30570,33347325
2021-09-16,34403,33381728
2021-09-17,35662,33417390
2021-09-18,30773,33448163
2021-09-19,30256,33478419
2021-09-20,26115,33504534
2021-09-21,26964,33531498
2021-09-22,31923,33563421
2021-09-23,31382,33594803
2021-09-24,29616,33624419
2021-09-25,28326,33652745
2021-09-26,26041,33678786
2021-09-27,18795,33697581
2021-09-28,18870,33716451
2021-09-29,23529,33739980
2021-09-30,26727,33766707
2021-10-01,24354,33791061
2021-10-02,22842,33813903
2021-10-03,20799,33834702
2021-10-04,18346,33853048
2021-10-05,18833,33871881
2021-10-06,22431,33894312
2021-10-07,21257,33915569
2021-10-08,19740,33935309
2021-10-09,18166,33953475
2021-10-10,18132,33971607
2021-10-11,14313,33985920
2021-10-12,15823,34001743
2021-10-13,18987,34020730
2021-10-14,16862,34037592
2021-10-15,15981,34053573
2021-10-16,14146,34067719
2021-10-17,13596,34081315
2021-10-18,13058,34094373
2021-10-19,14623,34108996
2021-10-20,18454,34127450
2021-10-21,15786,34143236
2021-10-22,16326,34159562
2021-10-23,15906,34175468
2021-10-24,14306,34189774
2021-10-25,12428,34202202
2021-10-26,13451,34215653
2021-10-27,16156,34231809
2021-10-28,14348,34246157
2021-10-29,14313,34260470
2021-10-30,12830,34273300
2021-10-31,12514,34285814
2021-11-01,10423,34296237
2021-11-02,11903,34308140
2021-11-03,12885,34321025
2021-11-04,12729,34333754
2021-11-05,10929,34344683
2021-11-06,10826,34355509
2021-11-07,11478,34366987
2021-11-08,10126,34377113
2021-11-09,11466,34388579
2021-11-10,13091,34401670
2021-11-11,12516,34414186
2021-11-12,11850,34426036
2021-11-13,11271,34437307
2021-11-14,10229,34447536
2021-11-15,8865,34456401
2021-11-16,10197,34466598
2021-11-17,11919,34478517
2021-11-18,11106,34489623
2021-11-19,10302,34499925
2021-11-20,10488,34510413
2021-11-21,8488,34518901
2021-11-22,7579,34526480
2021-11-23,9283,34535763
2021-11-24,9119,34544882
2021-11-25,10549,34555431
2021-11-26,8318,34563749
2021-11-27,8774,34572523
2021-11-28,8309,34580832
2021-11-29,6990,34587822
2021-11-30,8954,34596776
2021-12-01,9765,34606541
2021-12-02,9216,34615757
2021-12-03,8603,34624360
2021-12-04,0,34624360
2021-12-05,17201,34641561
2021-12-06,6822,34648383
2021-12-07,8439,34656822
2021-12-08,9419,34666241
2021-12-09,8402,34674643
2021-12-10,7990,34682633
2021-12-11,7877,34690510
2021-12-12,7350,34697860
2021-12-13,5784,34703644
2021-12-14,6984,34710628
2021-12-15,7974,34718602
2021-12-16,7447,34726049
2021-12-17,0,34726049
2021-12-18,7145,34733194
2021-12-19,13644,34746838
2021-12-20,5326,34752164
2021-12-21,6317,34758481
2021-12-22,7495,34765976
2021-12-23,6650,34772626
2021-12-24,7189,34779815
2021-12-25,6987,34786802
2021-12-26,6531,34793333
2021-12-27,6358,34799691
2021-12-28,9195,34808886
2021-12-29,13154,34822040
2021-12-30,16764,34838804
2021-12-31,22775,34861579
2022-01-01,27553,34889132
2022-01-02,33750,34922882
2022-01-03,37379,34960261
2022-01-04,58097,35018358
2022-01-05,90928,35109286
2022-01-06,117100,35226386
2022-01-07,141986,35368372
2022-01-08,159632,35528004
2022-01-09,179723,35707727
2022-01-10,168063,35875790
2022-01-11,194720,36070510
2022-01-12,247417,36317927
2022-01-13,264202,36582129
2022-01-14,268833,36850962
2022-01-15,271202,37122164
2022-01-16,258089,37380253
2022-01-17,238018,37618271
2022-01-18,282970,37901241
2022-01-19,317532,38218773
2022-01-20,347254,38566027
2022-01-21,337704,38903731
2022-01-22,333533,39237264
2022-01-23,306064,39543328
2022-01-24,255874,39799202
2022-01-25,285914,40085116
2022-01-26,286384,40371500
2022-01-27,251209,40622709
2022-01-28,235532,40858241
2022-01-29,234281,41092522
2022-01-30,209918,41302440
2022-01-31,167059,41469499
2022-02-01,161386,41630885
2022-02-02,172433,41803318
2022-02-03,149394,41952712
2022-02-04,127952,42080664
2022-02-05,107474,42188138
2022-02-06,83876,42272014
2022-02-07,67597,42339611
2022-02-08,71365,42410976
2022-02-09,67084,42478060
2022-02-10,58077,42536137
2022-02-11,50407,42586544
2022-02-12,44877,42631421
2022-02-13,34113,42665534
2022-02-14,27409,42692943
2022-02-15,30615,42723558
2022-02-16,30757,42754315
2022-02-17,25920,42780235
2022-02-18,22270,42802505
2022-02-19,19968,42822473
2022-02-20,16051,42838524
2022-02-21,13405,42851929
2022-02-22,15102,42867031
2022-02-23,14148,42881179
2022-02-24,13166,42894345
2022-02-25,11499,42905844
2022-02-26,10273,42916117
2022-02-27,8013,42924130
2022-02-28,6915,42931045
2022-03-01,7554,42938599
2022-03-02,6561,42945160
2022-03-03,6396,42951556
2022-03-04,5921,42957477
2022-03-05,5476,42962953
2022-03-06,4362,42967315
2022-03-07,3993,42971308
2022-03-08,4575,42975883
2022-03-09,4184,42980067
2022-03-10,4194,42984261
2022-03-11,3614,42987875
2022-03-12,3116,42990991
2022-03-13,2503,42993494
2022-03-14,2568,42996062
2022-03-15,2876,42998938
2022-03-16,2539,43001477
2022-03-17,2528,43004005
2022-03-18,2075,43006080
2022-03-19,1761,43007841
2022-03-20,1549,43009390
2022-03-21,1581,43010971
2022-03-22,1778,43012749
2022-03-23,1938,43014687
2022-03-24,1685,43016372
2022-03-25,1660,43018032
2022-03-26,1421,43019453
2022-03-27,1270,43020723
2022-03-28,1259,43021982
2022-03-29,1233,43023215
2022-03-30,1225,43024440
2022-03-31,1335,43025775
2022-04-01,1260,43027035
2022-04-02,1096,43028131
2022-04-03,913,43029044
2022-04-04,795,43029839
2022-04-05,1086,43030925
2022-04-06,1033,43031958
2022-04-07,1109,43033067
2022-04-08,1150,43034217
2022-04-09,1054,43035271
2022-04-10,861,43036132
2022-04-11,796,43036928
2022-04-12,1088,43038016
2022-04-13,1007,43039023
2022-04-14,949,43039972
2022-04-15,975,43040947
2022-04-16,1150,43042097
2022-04-17,2183,43044280
2022-04-18,1247,43045527
2022-04-19,2067,43047594
2022-04-20,2380,43049974
2022-04-21,2451,43052425
2022-04-22,2527,43054952
2022-04-23,2593,43057545
2022-04-24,2541,43060086
2022-04-25,11,43060097
2022-04-26,5399,43065496
2022-04-27,3303,43068799
2022-04-28,3377,43072176
2022-04-29,3688,43075864
2022-04-30,3324,43079188
2022-05-01,3157,43082345
2022-05-02,2568,43084913
2022-05-03,3205,43088118
2022-05-04,3275,43091393
2022-05-05,3545,43094938
2022-05-06,3805,43098743
2022-05-07,3451,43102194
2022-05-08,3207,43105401
2022-05-09,2288,43107689
2022-05-10,2897,43110586
2022-05-11,2827,43113413
2022-05-12,2841,43116254
2022-05-13,2858,43119112
2022-05-14,2487,43121599
2022-05-15,2202,43123801
2022-05-16,1569,43125370
2022-05-17,1829,43127199
2022-05-18,2364,43129563
2022-05-19,2259,43131822
2022-05-20,2323,43134145
2022-05-21,2226,43136371
2022-05-22,2022,43138393
2022-05-23,1675,43140068
2022-05-24,2124,43142192
2022-05-25,2628,43144820
2022-05-26,2710,43147530
2022-05-27,2685,43150215
2022-05-28,2828,43153043
2022-05-29,2706,43155749
2022-05-30,2338,43158087
2022-05-31,2745,43160832
2022-06-01,3712,43164544
2022-06-02,4041,43168585
2022-06-03,3962,43172547
2022-06-04,4270,43176817
2022-06-05,4518,43181335
2022-06-06,3714,43185049
2022-06-07,5233,43190282
2022-06-08,7240,43197522
2022-06-09,7584,43205106
2022-06-10,8329,43213435
2022-06-11,8582,43222017
2022-06-12,8084,43230101
2022-06-13,6594,43236695
2022-06-14,8822,43245517
2022-06-15,12213,43257730
2022-06-16,12847,43270577
2022-06-17,13216,43283793
2022-06-18,12899,43296692
2022-06-19,12781,43309473
2022-06-20,9923,43319396
2022-06-21,12249,43331645
2022-06-22,13313,43344958
2022-06-23,17336,43362294
2022-06-24,15940,43378234
2022-06-25,11739,43389973
2022-06-26,17073,43407046
2022-06-27,11793,43418839
2022-06-28,14506,43433345
2022-06-29,18819,43452164
2022-06-30,17070,43469234
2022-07-01,17092,43486326
2022-07-02,16103,43502429
2022-07-03,16135,43518564
2022-07-04,13086,43531650
2022-07-05,16159,43547809
2022-07-06,18930,43566739
2022-07-07,18815,43585554
2022-07-08,18840,43604394
2022-07-09,18257,43622651
2022-07-10,16678,43639329
2022-07-11,13615,43652944
2022-07-12,16906,43669850
2022-07-13,20139,43689989
2022-07-14,20038,43710027
2022-07-15,20044,43730071
2022-07-16,20528,43750599
2022-07-17,16935,43767534
2022-07-18,15528,43783062
2022-07-19,18616,43801678
2022-07-20,23050,43824728
2022-07-21,22337,43847065
2022-07-22,21411,43868476
2022-07-23,20279,43888755
2022-07-24,16866,43905621
2022-07-25,14830,43920451
2022-07-26,18313,43938764
2022-07-27,20557,43959321
2022-07-28,20409,43979730
2022-07-29,20408,44000138
2022-07-30,19673,44019811
2022-07-31,16464,44036275
2022-08-01,13734,44050009
2022-08-02,17135,44067144
2022-08-03,19893,44087037
2022-08-04,20551,44107588
2022-08-05,19406,44126994
2022-08-06,18715,44145709
2022-08-07,0,44145709
2022-08-08,28941,44174650
2022-08-09,16047,44190697
2022-08-10,16299,44206996
2022-08-11,16561,44223557
2022-08-12,15815,44239372
2022-08-13,14092,44253464
2022-08-14,14917,44268381
2022-08-15,9330,44277711
2022-08-16,8545,44286256
2022-08-17,12608,44298864
2022-08-18,15754,44314618
2022-08-19,13272,44327890
2022-08-20,11539,44339429
2022-08-21,9531,44348960
2022-08-22,8586,44357546
2022-08-23,10649,44368195
2022-08-24,10725,44378920
2022-08-25,10256,44389176
2022-08-26,9520,44398696
2022-08-27,9436,44408132
2022-08-28,7591,44415723
2022-08-29,0,44415723
2022-08-30,0,44415723
2022-08-31,20616,44436339
2022-09-01,6168,44442507
2022-09-02,7219,44449726
2022-09-03,6809,44456535
2022-09-04,5910,44462445
2022-09-05,4417,44466862
2022-09-06,2799,44469661
2022-09-07,8975,44478636
2022-09-08,6093,44484729
2022-09-09,5554,44490283
2022-09-10,5076,44495359
2022-09-11,5221,44500580
2022-09-12,1783,44502363
2022-09-13,7694,44510057
2022-09-14,6422,44516479
2022-09-15,6298,44522777
2022-09-16,5747,44528524
2022-09-17,5664,44534188
2022-09-18,4858,44539046
2022-09-19,4043,44543089
2022-09-20,1922,44545011
2022-09-21,8031,44553042
2022-09-22,5383,44558425
2022-09-23,4912,44563337
2022-09-24,4777,44568114
2022-09-25,4129,44572243
2022-09-26,3230,44575473
2022-09-27,3615,44579088
2022-09-28,4272,44583360
2022-09-29,3947,44587307
2022-09-30,3805,44591112
2022-10-01,3375,44594487
2022-10-02,3011,44597498
2022-10-03,1968,44599466
2022-10-04,2426,44601892
2022-10-05,2571,44604463
2022-10-06,1997,44606460
2022-10-07,2797,44609257
2022-10-08,2756,44612013
2022-10-09,2424,44614437
2022-10-10,1957,44616394
2022-10-11,0,44616235
2022-10-12,5084,44621319
2022-10-13,2678,44623997
2022-10-14,2430,44626427
2022-10-15,2401,44628828
2022-10-16,2060,44630888
2022-10-17,1542,44632430
2022-10-18,1946,44634376
2022-10-19,2141,44636517
2022-10-20,2119,44638636
2022-10-21,2112,44640748
2022-10-22,1994,44642742
2022-10-23,1334,44644076
2022-10-24,862,44644938
2022-10-25,830,44645768
2022-10-26,1112,44646880
2022-10-27,2208,44649088
2022-10-28,1574,44650662
2022-10-29,1594,44652256
2022-10-30,1336,44653592
2022-10-31,1046,44654638
2022-11-01,1190,44655828
2022-11-02,98,44655926
2022-11-03,2439,44658365
2022-11-04,1082,44659447
2022-11-05,1132,44660579
2022-11-06,925,44661504
2022-11-07,0,44660293
2022-11-08,0,44660293
2022-11-09,0,44660293
2022-11-10,4517,44664810
2022-11-11,833,44665643
2022-11-12,729,44666372
2022-11-13,552,44666924
2022-11-14,466,44667390
2022-11-15,510,44667900
2022-11-16,635,44668535
2022-11-17,0,44667967
2022-11-18,1781,44669748
2022-11-19,492,44670240
2022-11-20,406,44670646
2022-11-21,294,44670940
2022-11-22,360,44671300
2022-11-23,408,44671708
2022-11-24,340,44672048
2022-11-25,394,44672442
2022-11-26,345,44672787
2022-11-27,291,44673078
2022-11-28,215,44673293
2022-11-29,274,44673567
2022-11-30,296,44673863
2022-12-01,275,44674138
2022-12-02,252,44674390
2022-12-03,226,44674616
2022-12-04,226,44674842
2022-12-05,164,44675006
2022-12-06,166,44675172
2022-12-07,241,44675413
2022-12-08,249,44675662
2022-12-09,210,44675872
2022-12-10,173,44676045
2022-12-11,0,44676045
2022-12-12,273,44676318
2022-12-13,152,44676470
2022-12-14,200,44676670
2022-12-15,162,44676832
2022-12-16,167,44676999
2022-12-17,176,44677175
2022-12-18,135,44677310
2022-12-19,112,44677422
2022-12-20,132,44677554
2022-12-21,185,44677739
2022-12-22,163,44677902
2022-12-23,201,44678103
2022-12-24,227,44678330
2022-12-25,187,44678517
2022-12-26,166,44678683
2022-12-27,188,44678871
2022-12-28,268,44679139
2022-12-29,243,44679382
2022-12-30,226,44679608
2022-12-31,265,44679873
2023-01-01,173,44680046
2023-01-02,134,44680180
2023-01-03,175,44680355
2023-01-04,188,44680543
2023-01-05,228,44680771
2023-01-06,214,44680985
2023-01-07,163,44681148
2023-01-08,170,44681318
2023-01-09,121,44681439
2023-01-10,171,44681610
2023-01-11,197,44681807
2023-01-12,174,44681981
2023-01-13,179,44682160
2023-01-14,104,44682264
2023-01-15,114,44682378
2023-01-16,89,44682467
2023-01-17,128,44682595
2023-01-18,134,44682729
2023-01-19,145,44682874
2023-01-20,131,44683005
2023-01-21,140,44683145
2023-01-22,94,44683239
2023-01-23,89,44683328
2023-01-24,102,44683430
2023-01-25,132,44683562
2023-01-26,99,44683661
2023-01-27,93,44683754
2023-01-28,109,44683863
2023-01-29,80,44683943
2023-01-30,66,44684009
2023-01-31,111,44684120
2023-02-01,128,44684248
2023-02-02,99,44684347
2023-02-03,128,44684475
2023-02-04,113,44684588
2023-02-05,91,44684679
2023-02-06,89,44684768
2023-02-07,96,44684864
2023-02-08,109,44684973
2023-02-09,114,44685087
2023-02-10,0,44683862
2023-02-11,1357,44685219
2023-02-12,206,44685425
2023-02-13,74,44685499
2023-02-14,102,44685601
2023-02-15,126,44685727
2023-02-16,157,44685884
2023-02-17,117,44686001
2023-02-18,142,44686143
2023-02-19,120,44686263
2023-02-20,95,44686358
2023-02-21,125,44686483
2023-02-22,193,44686676
2023-02-23,166,44686842
2023-02-24,183,44687025
2023-02-25,218,44687243
2023-02-26,185,44687428
2023-02-27,169,44687597
2023-02-28,240,44687837
2023-03-01,268,44688105
2023-03-02,283,44688388
2023-03-03,334,44688722
2023-03-04,324,44689046
2023-03-05,281,44689327
2023-03-06,266,44689593
2023-03-07,326,44689919
2023-03-08,379,44690298
2023-03-09,440,44690738
